{"cameraMode":{"drawMode":0,"name":"Shaded","section":"Shading Mode"},"sceneLighting":true,"audioPlay":false,"sceneViewState":{"showFog":true,"showMaterialUpdate":false,"showSkybox":true,"showFlares":true,"showImageEffects":true,"showParticleSystems":true},"in2DMode":false,"pivot":{"x":1074.824951171875,"y":546.5494384765625,"z":40.257469177246097},"rotation":{"x":-0.18557675182819367,"y":-0.08135922998189926,"z":0.015420236624777317,"w":-0.9791344404220581},"size":1486.4482421875,"orthographic":false}